{"regist_target_img_scalef": 0.15496267, "tissue_hires_scalef": 0.051654227, "tissue_lowres_scalef": 0.015496268, "fiducial_diameter_fullres": 383.7035815171528, "spot_diameter_fullres": 219.2591870594846}